data_publicacao,titulo,link
2024-11-19 08:00:00,Soldado do Exército é parado pela PM para checagem e liberado após reconhecimento facial o apontar por engano como foragido - G1,https://news.google.com/rss/articles/CBMitAFBVV95cUxOb2hHT0pLR2ZWbHN6YUN3ajdiX3NFbWVsS2xNR1FESFpHbS1aNEV2SU5HY0VnbF9Bb0VnRHh5aENXdkU5YmlIZ1hOaDV4TGV5cEdhNXpHdUJkMC16eUx0WXI4eHYweHE4cXBlUXBJamJRdE1ZMHAzaFVzRC1jTXFZZnU3TTAtS19lNXV1TEctYVlNNU1PcHN3R0RTeWtySHFoOXhOcmp5VkpaMWZ3RFJYWHNFSEvSAcMBQVVfeXFMTkh2UHlJc0dicFVKUEU2YXRTU2F5NWo1UEg0RGZLRGhoSVJQTDdXdFo4d2xRQ0lEQ1JZdlBDZ0FYdFJGaUxnQWFtSndPMmJyUWNQQXFIMjBKVlFCZVFuM0ROeEZDU21HYUU3N0dGcGthRmNQNWgtdHFHeWdKdVFoamVTZDc2a0dEZVRCenRabEFKT0tBdXFNNm50b0N5Wm9KUGw1VVNiV0ZPQ3lOYkdTN1ZSd2ZiLWlyUUlUSnZlTExRNXAw?oc=5
2024-09-04 07:00:00,"Abordagens por reconhecimento facial têm 10% de falsos positivos, diz PM na Alerj - Brasil de Fato",https://news.google.com/rss/articles/CBMiwAFBVV95cUxNbkVTRGljMVBsN1ZjWlJoMkRnUnpVN1l4WTlfeTJ5bW81dlB2bXJUNGtRYzQ0VXpnTWM1Z0c4MXlIeXlJYjVNd2h0NDlMV1g4VVREOEdyc2Z2azNKdTdWWkJCZ3o4TzZVeWY2RkxhTnprN2NtUDNjOVdfV1N3SlhSRW41MlRLdGxJTTJMOWNrX3M3Tl90ZnBOZE44WC1STl9PVmJoaGxrdjJuZ2M0eWpHeUI0dE94SlVMMW1wbjc4Rks?oc=5
2024-05-27 07:00:00,Governo do Estado de Pernambuco - Notícias - sds.pe.gov.br,https://news.google.com/rss/articles/CBMitAFBVV95cUxPcjZDdTlEZVJtN1RfbmRlR3BLMUdPODdvVUMxeHRUNDBUTS1ISjR4VmlSbFQ3bUd5R1Z3RWtPa05zcmltUTl0bmkyX2tzRHBza25GMkxLcDNBV1dxWm5rVE51TTEyMmlXV1JZVzZlMDJQb3pGTXpIbFVKV25QYjVUQTJtaFV2cDhyeHc2WmpWUkkzRUh1UnFCbnBQU0E4R25KVUhKN1laRVAtNzRTRElBblNfbVA?oc=5
2024-05-17 07:00:00,"Sem regulação, estados prendem centenas usando biometria facial - Consultor Jurídico",https://news.google.com/rss/articles/CBMirwFBVV95cUxOZWpGMlN0UzV2ZWZzQTdaVkxNN2UyMFRBUUtlZFhfa1djMzBITTZfaXRmSGxkQjVwandwd1F4bFVJSXIwOGFDNEZHNnNZNHRPQW4zcDZsTWlQUzVvdl9DZGNTYjlkV2t6XzdfSFBqZXdoclZuZjMtWUFJU043cjdJdzQ0c0JnS2M3Z0UtTEpQYUdHYWIzckpoWUx3N05icmE0VXgxN3NPRnlXMDlhMFpZ?oc=5
2024-05-16 07:00:00,Como a ciência inocentou um homem condenado por 10 estupros que estava preso há 12 anos - Revista Fórum,https://news.google.com/rss/articles/CBMi2AFBVV95cUxQY0dFTXdzYllYX2dNYmVzSVZRb0V5dlJJbjBiX2IyWWRqay1iOTcwOHFiR194cmEya0pCdlpHVG1UNjRVbW90czRZdnVSXy12aGFnekxXcGMwcENoQVNfa1ROdnk4YTRGUW1VOHMzU3FWVjN2cFBVbG9xcElwSGZmTmdBU0RpOFhzRklSQkZvWGx4dmREUkNsZ1dVdXVDNXU5WVgzZXVoTjc3LTJJOEkwaElpdE1OM1FqRG9VbU9DTk1nVV85Z1dNY3ZtT3FXZTFwT2JtZ19zN0vSAdgBQVVfeXFMUGNHRU13c2JZWF9nTWJlc0lWUW9FeXZSSW4wYl9iMllkamstYjk3MDhxYkdfeHJhMmtKQnZaR1RtVDY0VW1vdHM0WXZ1Ul8tdmhhZ3pMV3BjMHBDaEFTX2tUTnZ5OGE0RlFtVThzM1NxVlYzdnBQVWxvcXBJcEhmZk5nQVNEaThYc0ZJUkJGb1hseHZkRFJDbGdXVXV1QzV1OVlYM2V1aE43Ny0ySThJMGhJaXRNTjNRakRvVW1PQ05NZ1VfOWdXTWN2bU9xV2UxcE9ibWdfczdL?oc=5
2024-04-28 07:00:00,Reconhecimento facial: erros expõem falta de transparência e viés racista - UOL Notícias,https://news.google.com/rss/articles/CBMivAFBVV95cUxNSUlQaWJmbFVENWFRN3k5V3VGTjVoaVJ2REk2S2RvTXZhVTVqVlpMYy1oNExJVHVqUkI4cmVjZGxNMEtYOFVydHlES0FEZENaWkttWjVTMzlEQ1NPa1pXZHZHaDJqN0QtWWhMa1BWTnY1bWtnTHFNU3ZHejJSX2RfR0tUVEczU015SlVleFlkNng1WFBOUTZfWE1VeE5PX3g1Rzl2SnRzSmdlNG5tS1NnMU1mV3Z1X3BvTUE1eQ?oc=5
2024-04-21 07:00:00,"‘Medo, frustrado e constrangido', diz homem detido por engano em estádio após erro do sistema de reconhecimento facial - G1",https://news.google.com/rss/articles/CBMigAJBVV95cUxOZGJ1ekxudnlITTkybF9PUzZYV1dpc0tQTXd4bktzZzlRNmp5RVB2Wlp4S05FX2kxeFRkUVROdG8tWTA1M2VBbUczWUl1bVZpNmlXOE92alZ2TmQ0RldnQTFHeVBOVEVROEl1WU5MSVM3d3lUVEhRTThXTmtCcHlIMjJFb2MxUHMwZVBnOTJsMi1tWG4yaFNkUy12enM4OW4wQ2FlVWcwbUJqQ1lWYXJRUmlaTHk1YkFwS3E0c2pCNV9FbWU2d1Bub2haWHZMUUMtckVDLVlrRXc2bU54WWMtRnZBbnl1ZnFUNUpQVXFWdTU2Y1V6NUdFWXIwemRZY0Jp0gGPAkFVX3lxTE1NS2htdEtNSG50cld2X1c1SW5rdC1taWl0TDZnWnp1d21wWTlXSkNEYWcyd2IwV3JuZGdKQkpDaW5aMUNIX1VES3ZlTHR4dEtsVm5LZUxaWGRWZVZ0TlJLb0V4bmNlOFpRY0ZLcVl4bDI3eWFSbmxLSGtaaHhkMEVTcUNDQzFOcTAyS29hZWZWdDZxLWlDc05lS3lDV0ltQWMtV1N0MXlZSkppWDVsMjRua0hzcmtZdEFjZEk2NXhWR2ltVDZndllkZkFzbElIck1wOVM0T1hNMDJ4dy1yVHhYbnFPRnZoemxKNXIzUElIVldrQnhBOUk3RE95N3hLQWh0R0o0ZkpPYTJlcGJIYms?oc=5
2024-04-19 07:00:00,Erros em série expõem fragilidade do reconhecimento facial como ferramenta de combate ao crime - CartaCapital,https://news.google.com/rss/articles/CBMi1AFBVV95cUxQa1JVTDZia0xuQmVRRkVHQWJFdTRoT09VbTIwZ2FWVGpKQ2hIYjFsOHBRR3NXcV9RclRhNDRyTHVWeUxxZ1A0ZnlwT1dfMEJLb09rYVZtVW8xLWdhN21YdnRtQ3dLLTc3M2V4dU9OT19lUHFDN2pVdGNudm1lamlGSVZudnRjbHJodi1NSmpWQkQxaWJoT29GZWJ1MEZDTnVtYWtQTzBZR0dSNXJ5VE92Z2Q3aW9sVzdWdTIyYVNfWDljX2RXaGpzWnBNSEdVcU95bEtMNg?oc=5
2024-01-25 08:00:00,Sistema de reconhecimento facial para prender tem viés racista e gera erros - Ministério Público do Estado de Mato Grosso,https://news.google.com/rss/articles/CBMiuwFBVV95cUxNRkU3ZXBCaXhpeExnV1VEUWZ0UGk2TFVTV2lYWnNpNk9GV2s1QnA1RG5DbW5zOUJOM2s5QTNNS3h4cU4wRHdhckxSejVVTlF6b3g3SUNKWmgxaW1UR19KdEI4ZjRNdzdHejNoemV4SWZTcy1XSHhjb3dtdWE4aHVwY3BIelN6SURSWFRsTC12Y05NRXhYUjJZN1FFOFk0eE1SWEs5Q1puZjNZY0Nvd3g0SVpxM1ZybnJKVDNZ?oc=5
2024-01-06 08:00:00,"Por problemas na base de dados de mandados de prisão, advogado recomenda a seus clientes andarem com decisão de liberdade no bolso - O Globo",https://news.google.com/rss/articles/CBMihwJBVV95cUxNUjREemVadG9wWmNtb29hNE5fa0J3TEFiaFJYN3hiVFl6eEJuZlhsOXlGdmFoQ01CTGlGZkVDUzNCbGtQY0JFYmFDMXZxNnRVX2c5Tng0dVlaUUdOSG5OUmZXR0F2UDRXMWpNT0ZXM21uZnBvUnlzVGhhMUZCTXdxdzE4RkxlT1pwWVRyazVybkt0RG5zZGd6N0N2b2QxY045aG9LekF6bWU1WW1zR2VlNjA0MlhzVUV2dFJCcVRNZ2E3cllwZ2llLUZTbHZ3T0pqTkctUktxMnJFdUNGbGtvMHdKQ2RISEQzT1RyekI3VG1IcjZzckx6RlQ4cjdINTlRMHRMV2JUTdIBlgJBVV95cUxQanNlVlhpeVlBT1hOMFltajhmYkoxUGxJM0JZWGJjR1o2MUtGTk8zNE5IcVBrcGhXWDBWeW1PYV80eE5oZ09ybkFRbGF1Vk9hWWEtQUVCUklaby1TaU1rQnY2bkF1Snk1ZkJ6WmwzeGF5cUZseUNWOGdUVVJRcGxnTnQ2akd0THNRUEZEbGhuMjBJQnN4UklzUUN6eEp6RURyTU4wZm13dE9KRnJQSnFFd21aejRJSU5telg5TDVSa293SHI1MEhkMU10dTA3REhJb0k1Rk85QU54VnBMak5XajhfcjYwWDV0ZkR0U0hZemhsQTdOMUhHRTlXUl9BYnk4V2t3NW94VGxrdjh6cGZkdzdabjZsZw?oc=5
2024-01-05 08:00:00,"Prisões por reconhecimento facial avançam pelo país, mas erros em série desafiam tecnologia de combate ao crime - O Globo",https://news.google.com/rss/articles/CBMi-wFBVV95cUxOTlo3ZS1Lc2NXeUNmWlRwNS0wdTlwNEp2YzQ2MTMwbUlhVVIxelVLVEFCZEhQMkN1SEVKTEc2NlhwbW9pVWFhTWlaVVl1WDJMS3h2Q0taRTdFYWtoVEl6c2RyY1BPaDlZTG5zVkpkUzhCR1k0bGZwcC14MXdPMGFWM3RGbVZCM3c3WFFoVW8tX1dob0t3Z0lDRWE0eHhIVUctbnE2UXZZU1dBXzBGenFsSDdjQjZsM2pBS0tlTXlpdnYwanZ3STZkOWVncmhqbEotZ0w0MkNaQldhc3N5R0k5TDByeU9IREQ5RTNtSFh0NXhILUpONmFHZ2hnY9IBigJBVV95cUxPZzJsT3F3eG5YZlVQV2sxM3RCZk82SzhSQVh3RnhvaVJSQmhndVNOMGxsVXRRcG51cTA1NlVpSVFQZmw5ekRmcmdwWEduZVprRkNlRHUwejEyMGQ3NnJxUl9vLTZPdllkb1lCY2ZQMWJRWXlISUpKcXE2dVN6NnZ3N1JORjkwNmpscFJzQ25IUFJwVFlldU9nX1dYVXpqenk1cXdCdDV5UUtRdDh3TVFPb0dqT0dxOGJGbUd1UFJFV2UwMEU2MFNlNXRPY1RUQkhSSGZYc1lFMXFmUzE2OFZNc09oTG9YUlNGWWlSS2JORm9pTHRYR1ktVnZWdWl5X04wbF9RMEpkM3NUZw?oc=5
2024-01-05 08:00:00,Dois dos quatro presos por reconhecimento facial no Rio de Janeiro são liberados - CNN Brasil,https://news.google.com/rss/articles/CBMiuwFBVV95cUxPdWc0NXdjT3RIbkk1eFZKbEFlMWtyM2RJNVJCTnNGNFJzZExyd2pqaVUzWndQdGF3eXdDeEg0eFJyR2NfdHpBRzA3cmtlX3NMYzZueXE4b2FnMkd2cXB1TTFkZkpiQmdwaGlCRU5KaS04TlRGRFhNcTlfdUNhOVppbS1FS2NGbUdKYkJmQ0hET3hQVUlXRUxkQnhnRGM2SEtEOEluSE9CLUxOU0xSUmJhX3FfbUhYMjQ4ZzQ4?oc=5
2024-01-04 08:00:00,Mulher presa após reconhecimento facial é solta; mandado de prisão já tinha sido cumprido - G1,https://news.google.com/rss/articles/CBMi5wFBVV95cUxQdWc4Y2ZGVVo5Uk5fUHpzZnh1anJUeHcxb0E5VFZjanZMMTlFTS1wbkptMHpGaWZPMVVEcmViWGthRTlDZ0MzSzVZWENOYlVkWXFiVl93Z0U1dVJqRnZucEhORjVKZ0J4Y2xYQlZPcUdRMUpZTjdJSjFNZFpPTkRrY0JfRV9GYW9wLV9sU2dreC1QdkJ4NFVkSWYwdnFWYnhiNEtmbHVORWxYVWMyRnI1VEMyaUxHRWtCRGlmWjMyZGRuWXB4bC1ac1lybkRjckF3ZFNIdlFhaWxUdkc3WUZ5TXFfMG5MMmfSAfYBQVVfeXFMTnd0ajNkVHRpYU5MczBlTWpmcXhOWDE4bkx4ZUNHaDU3bXYxWk9FcG9sXzZ2S0hMT1NWUS05LUx6ZDVQT1lOR1ViNXA4OHVuSHBwVlQ2X0s3QXY3ck5tU0JtbVBkR2pVMi1HNWJlUHhGSl9XRWNTb0xyZFo1U2owckRjN1NkSW1reFFITVpYa3pIbDd3bDFVaUNsZDJtYURyd2dYd0VMdGx4QmYycmwxN1RucDBBM24xUndhakdzNmV6NldockxrVFBEcC05ZkM0REc2T1c0YXJTRVd4UFF4cGVsWHJfTjRpVjk5dncxNld4d1J2ZjVn?oc=5
2024-01-04 08:00:00,Mulher identificada por reconhecimento facial em Copacabana é solta após erro em sistema ser constatado - O Globo,https://news.google.com/rss/articles/CBMirgJBVV95cUxPcnJKQTA1ZTFxb0JWLVVabmlsWEVLamNTY05zWFctbmtJRS1pa21XWkRONHNKbmp4UGVvTWpSUi1PbjJYeEJQN1U5VGtfZXZNSTRBamo2TlFqeC1JYy04OUdGcmU2M2VEbjEybnBaSndEZFUzNThSMEJmcXhXQmlrLW1wVnU5cDJZMTl2akFCMWZXdWRzR3hMUktTX0prenlrUTByZU1FM3dxem14QW52RzRENHNxLUowT2dJa3ZxUVRodGRRSzdvMnhFc0NqLVhJZ3ZZRWNvY1pYWVlJMkpQRGs4S0NHUDRVTzR5WkpiUFItanZ0bGNtYTZULWhZc2V0LS1ueGkzLUZ5eUZBRXp4UDRHM0k2Zmo4YnV1eHY0bDRQWWxrbWltR1g2eUNNUdIBvAJBVV95cUxOcUxabHVlaVVLNWhqR2tjQVhsTnN1ZDlTUzcyMzRYMGMxbl9GTDZfbmZRdVpZRkpJUjE3ak5MLXNWTlQ2M2k4WVVyeW1CaFBKY2tmMlFVN0ZGenlrcWFENnJnZk01MnRVZlg0b01MTUkycnF5NlNDQjctSGpnOXpvUXoxYVdJZFNuZ29saVBqdlc2UWVtSl9LNElTU0RMZWUxUlZuWmtBOVdlTmwzOUJudUVSR21uRFlzWnY0S25kY2ZPNTdnWlpzU09FZlFvS0xSUkkwbjlmZDVOclltU2RUWWxVYXRFeGc0VEhMc0Y5eGhhMVB2c1lnaXNsU2QzMUZjY2NwNWxkai1ucW44b3I2blA0SlpDYV9vT1Y0ajYyMnFBeWczRDVHc2M5TEVzVFV0d2pSSXRlaUwtdmZY?oc=5
2023-12-23 08:00:00,"Não comprovar trabalho lícito não justifica prisão preventiva, decide STJ - Consultor Jurídico",https://news.google.com/rss/articles/CBMisAFBVV95cUxPanRLcUVra19RS3JnSDQ5REpOTnFFQ0F5UjVZT1A3YkV0c0J6WHlobF85Qlg0TncteXJZcEphTk05S0VtdVFzcm1HVzNZbDUyd3dWbS11YTktRjlNdlRMM3I1ZGkzbGFBV1NIUnpfVmNnU21OMWlUQWhsRHZEaHFGcnlBVzNPRFdqUWpoa004c09iWWFwNUpWTjh4enUtTzYxcmk1RnRUV05kN2E4bkozQQ?oc=5
2023-11-16 08:00:00,"PM ""se confunde"" e prende mulher em festa após erro da IA - Poder360",https://news.google.com/rss/articles/CBMipAFBVV95cUxNc1d1dmo5UlItRy03bDE3eW96d1RpQ202dHpZRDRvVER3T0NBWGpHVl9rRmg1T2V3N1h4a2JuMGRNUHUtZGdGR2RUaW1YX3BqVWVjbjNteDhFR09NMnVOUl9yc2dCSlFudVg1ZVRzUVJpSzMwWG9MQk8yRFV4Y19zOUFfcE5CN2p2M1BZd1Q0dHJBdC13elY3ZTZuQjB0djFzTlo3dQ?oc=5
2023-10-06 07:00:00,RJ: Jovem negro acusado por reconhecimento facial é inocentado pela terceira vez - Brasil de Fato,https://news.google.com/rss/articles/CBMiwAFBVV95cUxPRHJ6eFFlYU52bU1aUXNUb2pRczE2eWNJWnJ3dENEYnBfTlZOckppeEVrUWZYaDd4OXNXRV9EXzctOHhLdW1nSVhwa19xNEFmY25qbWdNVG5YZjdpXzRBZzRUc1FuNmttcVdsX0lXZXc4Smc3b1ZoZHA2cnNDODFfXzlaTll5NXJ6UzVlZ2xnM0JtakRBTUZOTnd0d1EwWWQtVVNnQXdvRldjcG1JaXFueFlfTndsZmxlZ1JoVzJWczE?oc=5
2023-10-02 07:00:00,"Curitiba usa reconhecimento facial como ferramenta na segurança pública sem ter regulação específica: 'Sociedade de controle', critica especialista - G1",https://news.google.com/rss/articles/CBMipgJBVV95cUxPcUJWY3VCU2F3QmFfcXhEYnNvS3B3YWdORjhYTXFGdzQ2QnR4c3NnVElPY2JBWGNTQ1JfcXZaWGRIMXp2MWI0VzNhTElIVnRzek5zdVFMR3ZQV09vblJjTWRoX2xqVVJ6MGZwTWZXNHdNd2lWaV9kRmNLVkYyQV9WeElmelp3MXJtd29SQWdnSFZZS2p0VVI2bnB0ODVsZ2E3cXo5UzVkSG5LYkFiYU5TOVdLRWxkTWZ2TWQwV1p3SkdZUWR3OWpkRWhGb0FDRzN4S1RpdmZDTUQzMDRPaV9oUWlqSmFoV1VTSEdsTE9WcHZ4bmpNR0liblpRRFVhZHVfZEZMcHIzcmZvVm1JWTMwb3VqLUJYa25JNlB3R1hzd0E3S0dTcEHSAbQCQVVfeXFMT3ludGJLY3lha1hWc2tndVE1aGZkS3VGU0Z5enpiYTd3Vy1CWEZmTGd3aUlBQVBOdE9xYWpUOWxJY3JsN3dySVJXb1p4QWRQOVlrQkdlSVhEOW9Gd3g5NXo4M0RXdlJYdWNkYkZZYTZXb1J4N0tnY29Bd3JJVW43dDJ5MHVrZ3hRQVdxcVpSNlV0MXFnRmhaeGtpQmgyV3laRTlXY2F6ektsSU5tVTA5U3l3MEMwbGhmZXJ5YlVNVHBCRzBIOUZ1NHp1eXBTal9qdDl5TVBLYXVQUDhrYWJxV3ZLYmpmZXNiUmV0QXlfRk1KTGRTV0UwNkgxTDFsYVNJdTZYandoVVpmQ2xTTDllS0I4UXdnSkxhRjQwMWg4QVVwMFFObEhISV9hTFBVN01KRTVtakY?oc=5
2023-09-22 07:00:00,Palmeiras ajuda polícia a prender 28 pessoas com biometria facial no Allianz Parque - Estadão,https://news.google.com/rss/articles/CBMikwFBVV95cUxQQnRqeXY4bTVMallVUkdKWHM4alEtTldsVHJGNVVrOUg5Sm1ySG13Wk9zNS1DR0VWWWtiWklISXhoRUxSX3BJS25HMzFjMUdIaWx6QjBjV3RiRUJuY2RmVTBJOTJJckwweE9QSnVseS1veUhUMDJSS0U4Z1FjaVpRNE9wNTNIMnZuMl9HY3FVbU5lWWfSAZgBQVVfeXFMT0ZwdzUzSXBDZl9xdmlMSWVCU0E3bkNZTURCYUU5V1pjZmtXZWJFOWxiZlNHZ3hTbVUzdEJJM0E1THAyaktfSzJjdlFuaE9LM1o3MFF2NVJudXl6LW9nX3FTblY2aEdlYnZydkVOWGttVVl4Qlc4aTJxcEVoVTc0X2sxdlVUdUVfU25WdExFZGE4anRHYWNDaXM?oc=5
2023-09-01 07:00:00,"Com mais de mil prisões na BA, sistema de reconhecimento facial é criticado por 'racismo algorítmico'; inocente ficou preso por 26 dias - G1",https://news.google.com/rss/articles/CBMilAJBVV95cUxQZmd6b2FJZEpCUXBVbDJtUzV1cGRYMXRudjFVdlg5MW44OGotSnE3MlpubUxmR3Q3QkU4QzRkU3pDRlNqa0hUNS0wRGtHVlVzS01qc0x1LV8zRFhDM01WbzZrOTVtc3VKa3NZNTVKQVpRaEdmZnhZeVpKdmxxeUx6ZTE2RmFrang4dzRuQWJjbTRWYk91aElMbXhoMDhOMVZqR09xM1hPclBrdzN6dGpGVFg5YWpISlRIcjBVYzlqc0d1WDY1ZUNzV1hOT1ZRX090eXVMQW5mbmxHSnloSEFOSWYzbnFJdEpOVTZ3a3k1SDZlTzdabnRkWFJBeUxZYUtWV0VSd1NVTlNScGp3SkE5LUZkX1_SAaMCQVVfeXFMTzZFRW1mY012VUhDOVhVLWlvT0cxUUE5MFNpX20xRnFlanoxNUhnSkdhRXBwQU85YjByeU5Lc1B0eXJwUDY1WmZtNVRZTFN6WVE5ckVOejJSc0dlYjN2ZVdubGNoZ0FpQzQtcFNXM1RUVUEwbV9jU0d2cXJ0bURUcDVXUHdXbjRQSVJjaGQxUjVFaVZSanVqRzEyWmVsRlo5dk10NmFzWEJrbDNVQUZOd3U3am4wNkF5LS0tMldFMFpDVWFvbHdVV1ZvRFFmbXE4R1pOYWp2RFlndFFPUDA0SUUyVjVabU9MMFhPdGtCQXItbXY1aUk5cG40VFFOWXl5WUpQbFZXNTcwQXFiTHR4dWZQNFFFckRxN1V1bFNNMldnenB3?oc=5
2023-07-28 07:00:00,Defesa de flamenguista diz que vai pedir revogação de prisão - Metrópoles,https://news.google.com/rss/articles/CBMingFBVV95cUxQRkd5YlRoT1piZDhZa3h2bWxXRHRxQnd2RDBfeXFGMFloeW1QaDllY2ZqTmliVVlRQ3NGdjNGY004QlZGY2xaM0h3SUVvdjktTF9uRURUVUZSdEw4LWZ0S19wanlkYlBqNlJGRDlFY1ZwRmo5TGF4c3JCeWptTzlOZGVCWlV4TnRKVG96eklOWTBuRFdUc0tUZFdpcmJtZw?oc=5
2023-07-25 07:00:00,Reconhecimento facial de estádio levou à prisão de torcedor do Flamengo - Metrópoles,https://news.google.com/rss/articles/CBMirAFBVV95cUxPQWdxTXBsWkJQVjFxMmdSME00SV93S1NRelhBRTNFVUZKWTNNWWdQTzY1X0l3eGw1QWljZVAtTWRNbkRBdXJTYTltM1B0aWtuRC05djlkeVJFMDZJRDU0VlhMdUg5bDM3M25xc2M4MHZnbVJHZmZucC1yMFA3aFFjd0pnWmVSWjFDZWVwZXVoWFdtVWJfWWstcEVLSlBVQUJQMGtiSnZnclBiSV9V?oc=5
2023-04-05 07:00:00,Riscos decorrentes do reconhecimento facial em espaços públicos - Consultor Jurídico,https://news.google.com/rss/articles/CBMisgFBVV95cUxPV1VVempGQVZ1VWtJWjlWUm5uMWI0dkt0M2VmS3NwQzBUNkZyVGZ3NEl6bUUtdHZsakNuR2EzcG9EeFYzMmlGZGJsU2NmdjBYcXM2WnIyMmVZV2pDVng5N1lYTkJrRU1uaEhjYUI1WEthLWRjMWlUTm9jbktuY05DMVNUNGJjNXJlN1c4Ulh3eUhuOHdCMEdDQjNsYXU3dld2M2VwLWs1TW5MNldHZmVuSXp3?oc=5
2023-03-03 08:00:00,Reconhecimento facial: prisões no Carnaval reacendem o debate de uma tecnologia com altas taxas de erros - Revista Afirmativa,https://news.google.com/rss/articles/CBMi0wFBVV95cUxQSGgyVHhucFJPZDRUNld4azFnTXNWbmVEQkc5LVpnaEJSU3FKWTdobjZnamJmVDBOcjREbjgwWUhwa013WThFQ1B6WGw5NVp0UXdWXzlydFhubnJHMkt4Z1BnQkVsbGk0YzBDUWVPa0d1WkJ1YkJ5bDVQeTZOU2RhdGZQQUNranlLOFpRVE42Tk1SbGJtd2ZWZG5uSWlLcE1SdElHeTNYT0NzM01kWVoxWVduVkMzYXJfdnB4V0FURzBGOHVRcmFoclBfVDllWFZoaWZJ?oc=5
2022-12-13 08:00:00,"Reconhecimento facial aprofunda racismo estrutural, dizem pesquisadoras - CNTE-CUT",https://news.google.com/rss/articles/CBMipwFBVV95cUxNeHQ3c0pNcFZYeW54b2NnUExSX1JGal9pbXZVeUJMN0ZHdmtYekRWMWxJeHFZZE1IcHpYUmpNTXp1emludEVsVGlYVkNvNWVPdkZZVFQyMDBiM3RydF9SVGJfUnBMMG1FZDI4Rkg5OGhsV3BOTDNHUENhSThEUXpoNUVZczNzZkNYVFlncUJSLS1qYXFuUzhNbE11R3BrdVRSQ1RVaUhJMA?oc=5
2022-06-28 07:00:00,Projeto de lei pretende vetar uso de reconhecimento facial em espaços públicos de Porto Alegre - GZH,https://news.google.com/rss/articles/CBMilAJBVV95cUxNZVpILTJHcjNrNnNOckpDMXR6STRsLWdlekJOVEdPWUs4bEZjU2VTdENxOTRyZC1FX2RtLVAxMVNPcEt4bTJnR05jeEpjbjdVNDFOY0owMEV6ajJHR2I2TDVGSWozLWJkTG1OUWxoSnZlSGkzSlpIaDdaTHpoLTlZVTEwR1Ffeld4RnJjNktuZ1pfOGdOZXRLb1JZVjZYc2ppUkdMM3pZNmJLR0FIM3ZrQXZzRlRtb29ab0ZvT3Qtd1VEbk1LNkM1T214cXJueW5IaGNQMWJ2VzNqVDVNZ1Q0QWllYjlRdjJHd0JfYlZqUWtMYWhqQnR0MHhBaFRZMzFJSUNPV3hDc3RhN2dLVGYwa0MxT0U?oc=5
2022-01-12 08:00:00,80% das prisões errôneas por reconhecimento facial no RJ são de negros - Agência Brasil,https://news.google.com/rss/articles/CBMi3wFBVV95cUxNWlUtdTd6YzVLRmZZcFNBbzNxeDI3ZzB0eGd2OUgtNXZIcnpxSzlDeEp5VjhkbENnbWhkWThhU3NYY09lRUU0aHFhSnVIQWI5REd2NU0tZkdaVVJNcXp0N2ZKenc1SV9sRzdIN2FidVFCblV6a2ZudEoxc0VsQWVMOV9jNnloOE5sSFRqY0VOMUljbWRBZXBsbzRsZEZ3NUJBTzUtOFBmbm5Pb2hYOENjZTNWT2pFakEzb3RzczZRdTdoZHFiakhDOEVkNHpOeWJ4cF9GOXlKeDJpZy1WZ3N3?oc=5
2022-01-01 08:00:00,Rubens Valente - Peritos alertam para prisões injustas geradas por 'comparações faciais' - UOL Notícias,https://news.google.com/rss/articles/CBMipwFBVV95cUxQWVhFNEVnWEpHUUZFdDdMSjExT290d0o0MEJBOHpTa3Q1TUd1NWRsRWVGdzZWT1FwenBnMmZHcmU0Ri0yLWp4Uy1GRGRfVmlMWExpTks2b2d6bGh6TWJBSE9OQmVweEwwX1hHLWV4YXpPSmtKSlNUcXo1b0ZQdGRUdUdUaUlHdHN6Ykw4ZGdCNGVaWlJrWGVJcS1odlRvcXRpQ3pSS0pRRQ?oc=5
2021-12-15 08:00:00,"'Disseram que eu era traficante', diz pedreiro preso injustamente - R7",https://news.google.com/rss/articles/CBMiqAFBVV95cUxNLVFsWDBTSEY2UFFfdVI5NC1CbFhxWFRBaVNVRTVZeVoteGc2eXlzelllWXNnR09wWUNkaTk0U0NDVnNBa0lxZk1Vd2YyMXhoMXJoWjBjR0J5RFpfTTduZWlUNVB0YVZta1VYUFBkSlpQWkpaaGlUUWt4eHFvaVpaTTkya1NlUTJvckNHbGoxYU4wakE1Q0lRdDVZNGU2TDhUd1g1VHNpV0Q?oc=5
2021-11-18 08:00:00,Prisão indevida após reconhecimento por foto? Adivinhe a cor - mareonline.com.br,https://news.google.com/rss/articles/CBMijwFBVV95cUxPZDBwY2dicUl5T0syY0Vzd1N5aHI2YTIyNUpvTmRzR0VDWEV1U0dkb3FaeEJUQkpZRnhDaE9jVlZid2JfWjhRRVVnVEp1VE1DOUticlZTZkw1OEZaUnlRb3dMV0xJeks0OXNydHN2a3FZRTRyTmp1Xy1ERndkYnNiYl90LWJPN1ByZEVROGMtd9IBjwFBVV95cUxPZDBwY2dicUl5T0syY0Vzd1N5aHI2YTIyNUpvTmRzR0VDWEV1U0dkb3FaeEJUQkpZRnhDaE9jVlZid2JfWjhRRVVnVEp1VE1DOUticlZTZkw1OEZaUnlRb3dMV0xJeks0OXNydHN2a3FZRTRyTmp1Xy1ERndkYnNiYl90LWJPN1ByZEVROGMtdw?oc=5
2021-09-24 07:00:00,"Nos erros de reconhecimento facial, um “caso isolado” atrás do outro - Revista Piauí",https://news.google.com/rss/articles/CBMingFBVV95cUxOY1pjQWVHSU1LUXJqaTdvU3c0Z3JqNG5UcXdBemFkMXJPWDRzRDUzRzJBTUlfQzRnQkFmMUM3c0htei1UQUxROU1RbUFRYUtCSkdGVnVicTRHMUNDS3c1cnlYRWFhVjNzVkR3QnUzWDBZbEVORWtkTnp1ejdPc2NFU0JkT0dtMjhNOWVsb08zdW4wSW85TnNDOXRVOTNwd9IBowFBVV95cUxNX0xKU2xIWGpSM1RaenZaZEFUS185cWhWdXdwOWRjRng4VG1hRjBfc3hTUUVIbUtTLUVXbmRMM2RaeHkzbHpNWEJOZWR6OTdOem9ySDltQkRtN05yMW8wS0dHam9LSlJsVDdNcUpxXzZ4QTM1NVRLOGp6d0hyV3Rmb1J4NlRUVEJXRUJPTnNTUnpqQWJ5NUl2ckdGRkh5TWlieTBB?oc=5
2021-09-20 07:00:00,A Bahia está virando um laboratório de reconhecimento facial - Intercept Brasil,https://news.google.com/rss/articles/CBMi0AFBVV95cUxQN0xWcmV4amljNFFDdFFPbVMtY0RLX1lFOXppckEyWktncTZfQXFBbHBKbnlEZzVZVV9GUUJ3TTdvQ09FVGctdUNpdUlzWkc2U3dSUlJxa29IbFhWQVN3TWl0U3Uya01McVE5VGRqTFIxajFhQ3pqX3hIb2tRZzlpM1l1NXNMeDJJM2Z4RGxCYktfTEtRNi1sTUx3Q0p6c0lDWkY5WERaZHBhV2NBc09jY2V1cmZ4djRDdmtxV0FqNWtiZmtwcE1sc1QxYVZzSmoz?oc=5
2021-08-05 07:00:00,"Homem apontado como ladrão por reconhecimento de foto 3x4 tenta provar inocência: 'Preto vai ser sempre acusado', diz pai - G1",https://news.google.com/rss/articles/CBMikwJBVV95cUxPVXpuVWpITFY5RDFMZzRRenNZUkx6V0x4cE1WamtzSFlralZHV3ZrV2dQZHItZWMtN1Ytck1LNFRrNDBBZWNySl9GYkJ6WTM1ZkY4VHpRUTNYVFNmcHMzb21TdTVWTS1Qb19yQ2h6dXI0RTRfVG5OSThYNm9iay1odHNnLXhJTzJWd1MzTkdKNE81a043MjYxRXk1ZTh3dzZ4OE5vUWZXYWRCd2ZMZF9meWlMTDMzQW5hNTk0bWQ2bWdBYk5OeWdoOXhPYjBDSEIteFVWQ0Z1TkVDNVIzckV4SGo0Mk8xdXA5bGRZcXR0ZFF5YTVZOTlIWFJuUnV1YmhxbkgteVZzM2ctekxMT0wtZVM2Y9IBogJBVV95cUxQUUtJVXo5V1hKc0NYQ0RjY2NMMENIZnMxc1JtMXc2TFhlZHMzdTh0Vk9nWFdGYzBIRGU3VmVkQXBkRkVITjB2SVFDdTA4d2xQWmxqX1ROY0k5emZySGs0QTFsMkJodHEwZ0pUcUlaR0RGX2drNTBaaTdsUWNaY21IakhfdEtJMkpPVnBCay1tLXViNjBCMGRfYkI5RFo1UkdWbGZ5eXpvZ1BTS080NWpaTWFZaGNFQ1lLaFhEZTNEU0VkaGRxa0VkZFpqb3ktM2h0MG8tVlhXMzk4X0duUlBtelQ4YURIU1hhVnpDZlpOX0t2WHJmcEFxbHdiLXd3OUdTV2R0T3VYQnVvQ3VsRG9hcjV6NVptUTJJdVU4aTBFbjNXQQ?oc=5
2021-05-18 07:00:00,Sistema Inteligente ajuda Polícia na prisão de quadrilha - Prefeitura de São José dos Campos,https://news.google.com/rss/articles/CBMiqAFBVV95cUxQQkgwMWxTWmlBWFpVclZPS241eVJjQ0FzY3QxZUM3QlZHSWFTT2dPbTMxTjJtWXZ2SlNtc2Nzd0VpOVo3RHdXbGtYVE1rbTFaVUZfRlU3Qml0dUpLVTlSNmo3UHV5OW1Ta0laNVpVb2lGcjVEVHV3MXN4c2hpZEItUVM1STZMbDgwUkVBM0doUGViMFY5STdQTmJZYU9HaVhJZmh0cTRoOFE?oc=5
2021-05-03 07:00:00,EUA: Polícia prende inocente a partir de sistema de reconhecimento facial - CNN Brasil,https://news.google.com/rss/articles/CBMiuAFBVV95cUxNd3AySW5QaktCVUxVSjdueTRGcElwRV9VdlJzUjhhMVdRc2FQQjNyQmlUWWxOaGtiSmxLVG5VYXlPODFlcUtYak9CR2psblFWRWFqTi1PYXlmR01JTGxRMzJ6WklSeFM1TVFJUlF3eG1NNV9pc1RDVDJQQzQtVDhISXlfTFI2R2xkdEhOdXRoTU1PMWpqTm5jd2lVTnZvYkhJUnNTTF9oVkhJNHNPdGk3RnR5b21HVVBv?oc=5
2021-04-26 07:00:00,Ação pede banimento da tecnologia de reconhecimento facial nos EUA - Consultor Jurídico,https://news.google.com/rss/articles/CBMilAFBVV95cUxQMWlKNDZvbV9RMFVQLThxcDJOZ3V5YVR2WWpGRkhpLW92SDA1OU56VFdFREVGUlZ1TnkzZjlHV0VLX1hGY0VDVk5vdE9UWHo1QnpsU3Mxam5MTzdNQU5NQ3VCVV9Xbi0tbXcwWXIzaERDOXR4blh6S2plbFUxRDBtejZ4cmowVXNObTRkU3ZXOTl0LTNM?oc=5
2021-01-12 08:00:00,Falha em reconhecimento facial leva homem à prisão nos EUA - Estadão,https://news.google.com/rss/articles/CBMiqwFBVV95cUxOMFhwUS1BaDdhOW9SSFJTQ19zdkQyU09aeHRKMlBya2VLc3RYVnhKZ1lfVF8wQmpoMk1GVElXUm8zazA4eVJQTThGYllHSWN2d1YweGZua1FwUU5DMDZNcUVwNnNlYm1GRFJ2NUJEb25HcXYyUmVYdTJOcXJlQWI3VWpMWGU2RUJoZkdGZjM4SDNVWGFZSjR4VHliRTJmMW9nVHVuNDY2OHI1WTjSAbABQVVfeXFMTThoQkZaaDF2cXhBSnhFUUktOXpRTExvT3d4bVRmZzB2UFVOYjZNVkt6MGRWY2ZPWlFGX1BGWlNRRmpkam40UDdBMzVyRlZKbFZ0TEEtNEZTNW1zc1l6b3RKcmN2UzBYOGQ4SzFqN0RCRTF0YWxVeHNjNURTSDVZZjRJUVJvakZyQm9QbVQ2aUdnVnJFbHpLVHJ1c2ZaZm5VbFJMMWpNUi0xZWpCbldNcFQ?oc=5
2020-10-23 07:00:00,Reconhecimento facial registra grande procura ao retomar atendimento - tjmg.jus.br,https://news.google.com/rss/articles/CBMiuAFBVV95cUxOa0dlUlBaamVTdHFiS0NLdExyTnBaRzBXeU5icjlORHFiYV95NGdPQmhnRXV2cWRjSGczSk14eldEajNaRHlsc3JKbUIzZk1KelRhRmxuNnVUa0RwMDY0ZUNhdHo3VzFYYURranN6QnJVODBZOVVsSjBFaFg2MlhmOVV4TW8tS01mdlVNdDZhLUxtXzgxYS1Nb0NyZ0pfc2xQYWJmTVQzeHkteEM3OGdLZzdLamNYeHlL?oc=5
2020-07-09 07:00:00,Prisão de Nº 1 de facção criminosa de Caucaia ocorreu por reconhecimento facial - Diário do Nordeste,https://news.google.com/rss/articles/CBMi2gFBVV95cUxQWkhIMjBIcVRQcDVJYmJrMnVwSzEwdk9PQXBUUEFkb2pxNlBJdkpFSVpHb2VYclpSNmhRQ1czN29CakFMSjZSV3JoZ241eVEyRjNPOV9HenIzVjJuV0RFS2RMaWRyUmVQMzB4UGNCZzZMYW5qdllsdG5BVnZkZkZIa1l5TXR3Qk5mRTZxRkFPdEk5Z2ZhdGR0V08yY29nU2dCUWZvRGZBZ1NSdV92NDk2c0RsVjYyS2NhS1l2a0VLa2FONmtadmMtbXMxZEg2czl0MzZEU3R6TnFUUdIB3wFBVV95cUxPbWNCNzgwT3RNODlHeVJBSkRjX3cyS1o5Y2RKbGRKMmZlVFdaRVZ4NzJxd0pTZzE2ZTE3eUM5M3AxNDhMNTlZMk82NHNwanlNRng2a194SjZhcHhwRF9BQjg5d2p0Q1dPb0QxV1NsWEFIZ050WDE4bV9MZ04yX2E1UFpoVVl2eExqNFEyUHMyNnd3ZERTOHJ5NnpZY0hDM0E2dmZwdlV4Z2RMUDl6OVF3djJpcXJzbVVUa1NQblEybDlOSUh2MlBFZUl3T3R3VklUcXlRajFlUW5yTTVzdGJZ?oc=5
2020-06-25 07:00:00,"Sistema de reconhecimento facial erra, e homem negro é preso por engano - UOL",https://news.google.com/rss/articles/CBMiygFBVV95cUxPNUNBdDdUZGdLZFk1bll2WTlOSWZVRDlibW1xckEwTUplZkdyNVJVdjBmakRNVkptUHNrR1M1LXpTX3NJbFpKbkE2NFM0WWdkVC1mNEZ6c1RVZjhuMGFnWEZSbk9UNlUtTkNoUlRRbFdvczJsaWRnal9RSGhKR3Z5ZXM0OWlMbXo2a3RyMXJFaTU5MzJmb20wWHhibjRZS3lDckY3MEcydGtnRV9lSUp5cERlVzRVQUw1TUFuUFBUZHRyV1k0UWpQU0FR?oc=5
2019-11-21 08:00:00,"Exclusivo: levantamento revela que 90,5% dos presos por monitoramento facial no Brasil são negros - Intercept Brasil",https://news.google.com/rss/articles/CBMiigFBVV95cUxQQ0lGLVlfRmFDMGtCS3djRHNacEt6UnpuSzdibTBlamFqaXVNUlRLbnE3YlFVaDhkRVVUeXpnUW5JMWhNaEdRS1VQQTRFRmFGUFAxV0VEM1VYdmJ5QVAxWDlCNEx0UUNVS05GalZOY2E0eGFwX1Zwc2RvaG5VOUtGMWtmN25CNWJBdHc?oc=5
2018-08-03 07:00:00,Quando o reconhecimento facial chega ao processo penal - Consultor Jurídico,https://news.google.com/rss/articles/CBMiowFBVV95cUxNVklIcjhDZXpwYkpuTVVUaFNNdWVEWFNYcTdhWVlHZHp4RHF2bDFTdG15RDZiOVFZeG9reDBRY1hlZXFzYzlINmxpZU9TTDkwUmRWYjFYcFFhQ2k1eTNkUzlES212cDg0bGNDRUIxbXlZYmRvVDFrekFPblF4YUlOdndJeEUxR2NZNWlwREo2NmtvbUdoS3VxRlZLLVhwaTd0MFFB?oc=5
2018-07-24 07:00:00,Sentenciados de BH passarão por reconhecimento facial - tjmg.jus.br,https://news.google.com/rss/articles/CBMipAFBVV95cUxQMXpfNkp1MnJudnJXRWJJLV9qTTBKRnR2c1hwaHBsTGNVRzlibE9kdTJmNGpkYlNkbk5FMC1qWUswODB1WGNYLVV4WkZEc0xFMnJhNXJZblhEb1g0aFpvUWNHMUJsclVJZ09rWWU3LW9JSWJhMUxwcllHd3RnUzlfMXpZOUZIUUU5WHFyMTFEb3NoY0wwN3pzTmNjSjk1dXFLTkIyZw?oc=5
2018-07-17 07:00:00,Câmeras em Vila Velha poderão identificar pessoas com mandado de prisão - A Gazeta,https://news.google.com/rss/articles/CBMirgFBVV95cUxPakVMdHFGSWhZWTBPN1U3dWd3OXFFU1hCMEozQTdLQll6cmpnZjdjUUlLY2R1aFpRN05NU29kRGxmci1NR1F2NTd5Zkl1ck5nLUZKM0NDakhwXzJsc20zSEVwa25jNmhfUXNJUzhsRVp3QlMwZldNTnp6WS12c3FHU3RSY1FRWWh4OWh3Rmh1bVJ6SEZINUpDd1Q3QTZ6Wlg1d1Y2OU9objdxeTVGUmc?oc=5
